-- MySQL Script generated by MySQL Workbench
-- ter 13 nov 2018 13:24:13 -03
-- Model: New Model    Version: 1.0
-- MySQL Workbench Forward Engineering

SET @OLD_UNIQUE_CHECKS=@@UNIQUE_CHECKS, UNIQUE_CHECKS=0;
SET @OLD_FOREIGN_KEY_CHECKS=@@FOREIGN_KEY_CHECKS, FOREIGN_KEY_CHECKS=0;
SET @OLD_SQL_MODE=@@SQL_MODE, SQL_MODE='ONLY_FULL_GROUP_BY,STRICT_TRANS_TABLES,NO_ZERO_IN_DATE,NO_ZERO_DATE,ERROR_FOR_DIVISION_BY_ZERO,NO_ENGINE_SUBSTITUTION';

-- -----------------------------------------------------
-- Schema biblioteca
-- -----------------------------------------------------
DROP SCHEMA IF EXISTS `biblioteca` ;

-- -----------------------------------------------------
-- Schema biblioteca
-- -----------------------------------------------------
CREATE SCHEMA IF NOT EXISTS `biblioteca` ;
USE `biblioteca` ;

-- -----------------------------------------------------
-- Table `biblioteca`.`tb_aluno`
-- -----------------------------------------------------
DROP TABLE IF EXISTS `biblioteca`.`tb_aluno` ;

CREATE TABLE IF NOT EXISTS `biblioteca`.`tb_aluno` (
  `cod-aluno` INT NOT NULL AUTO_INCREMENT,
  `matricula` INT NOT NULL,
  `data-de-ingresso` DATE NULL,
  `data-de-conclusao-prevista` DATE NULL,
  `cod-curso` INT NOT NULL,
  `cod-pessoa` INT NOT NULL,
  PRIMARY KEY (`cod-aluno`),
  CONSTRAINT `fk_tb_aluno_tb_curso`
    FOREIGN KEY (`cod-curso`)
    REFERENCES `biblioteca`.`tb_curso` (`cod-curso`)
    ON DELETE NO ACTION
    ON UPDATE NO ACTION,
  CONSTRAINT `fk_tb_aluno_tb_pessoa1`
    FOREIGN KEY (`cod-pessoa`)
    REFERENCES `biblioteca`.`tb_pessoa` (`cod-pessoa`)
    ON DELETE NO ACTION
    ON UPDATE NO ACTION)
ENGINE = InnoDB;

CREATE INDEX `fk_tb_aluno_tb_curso1_idx` ON `biblioteca`.`tb_aluno` (`cod-curso` ASC) ;

CREATE UNIQUE INDEX `matricula_UNIQUE` ON `biblioteca`.`tb_aluno` (`matricula` ASC) ;

CREATE UNIQUE INDEX `cod-pessoa_UNIQUE` ON `biblioteca`.`tb_aluno` (`cod-pessoa` ASC) ;


-- -----------------------------------------------------
-- Table `biblioteca`.`tb_autor`
-- -----------------------------------------------------
DROP TABLE IF EXISTS `biblioteca`.`tb_autor` ;

CREATE TABLE IF NOT EXISTS `biblioteca`.`tb_autor` (
  `cod-autor` INT NOT NULL,
  `cpf` VARCHAR(11) NOT NULL,
  `nacionalidade` VARCHAR(30) NOT NULL,
  `nome` VARCHAR(45) NOT NULL,
  PRIMARY KEY (`cod-autor`))
ENGINE = InnoDB;

CREATE UNIQUE INDEX `cpf_UNIQUE` ON `biblioteca`.`tb_autor` (`cpf` ASC) ;


-- -----------------------------------------------------
-- Table `biblioteca`.`tb_categoria`
-- -----------------------------------------------------
DROP TABLE IF EXISTS `biblioteca`.`tb_categoria` ;

CREATE TABLE IF NOT EXISTS `biblioteca`.`tb_categoria` (
  `cod-categoria` INT NOT NULL,
  `descricao-categoria` VARCHAR(100) NULL,
  PRIMARY KEY (`cod-categoria`))
ENGINE = InnoDB;


-- -----------------------------------------------------
-- Table `biblioteca`.`tb_curso`
-- -----------------------------------------------------
DROP TABLE IF EXISTS `biblioteca`.`tb_curso` ;

CREATE TABLE IF NOT EXISTS `biblioteca`.`tb_curso` (
  `cod-curso` INT NOT NULL,
  `nome-curso` VARCHAR(45) NOT NULL,
  PRIMARY KEY (`cod-curso`))
ENGINE = InnoDB;


-- -----------------------------------------------------
-- Table `biblioteca`.`tb_emprestimo`
-- -----------------------------------------------------
DROP TABLE IF EXISTS `biblioteca`.`tb_emprestimo` ;

CREATE TABLE IF NOT EXISTS `biblioteca`.`tb_emprestimo` (
  `cod-emprestimo` INT NOT NULL AUTO_INCREMENT,
  `data-devolucao` DATE NOT NULL,
  `data-emprestimo` DATE NOT NULL,
  `isbn` VARCHAR(13) NOT NULL,
  `cod-pessoa` INT NOT NULL,
  `status-devolucao` INT NOT NULL DEFAULT 0, 
  PRIMARY KEY (`cod-emprestimo`),
  CONSTRAINT `fk_tb_emprestimo_tb_livro1`
    FOREIGN KEY (`isbn`)
    REFERENCES `biblioteca`.`tb_livro` (`isbn`)
    ON DELETE NO ACTION
    ON UPDATE NO ACTION,
  CONSTRAINT `fk_tb_emprestimo_tb_pessoa1`
    FOREIGN KEY (`cod-pessoa`)
    REFERENCES `biblioteca`.`tb_pessoa` (`cod-pessoa`)
    ON DELETE NO ACTION
    ON UPDATE NO ACTION)
ENGINE = InnoDB;

CREATE INDEX `fk_tb_emprestimo_tb_livro1_idx` ON `biblioteca`.`tb_emprestimo` (`isbn` ASC) ;

CREATE INDEX `fk_tb_emprestimo_tb_pessoa1_idx` ON `biblioteca`.`tb_emprestimo` (`cod-pessoa` ASC) ;


-- -----------------------------------------------------
-- Table `biblioteca`.`tb_funcionario`
-- -----------------------------------------------------
DROP TABLE IF EXISTS `biblioteca`.`tb_funcionario` ;

CREATE TABLE IF NOT EXISTS `biblioteca`.`tb_funcionario` (
  `matricula` INT NOT NULL,
  `cod-pessoa` INT NOT NULL,
  `cod-funcionario` INT NOT NULL AUTO_INCREMENT,
  PRIMARY KEY (`cod-funcionario`),
  CONSTRAINT `fk_tb_funcionario_tb_pessoa1`
    FOREIGN KEY (`cod-pessoa`)
    REFERENCES `biblioteca`.`tb_pessoa` (`cod-pessoa`)
    ON DELETE NO ACTION
    ON UPDATE NO ACTION)
ENGINE = InnoDB;

CREATE INDEX `fk_tb_funcionario_tb_pessoa1_idx` ON `biblioteca`.`tb_funcionario` (`cod-pessoa` ASC) ;

CREATE UNIQUE INDEX `matricula_UNIQUE` ON `biblioteca`.`tb_funcionario` (`matricula` ASC) ;

CREATE UNIQUE INDEX `cod-pessoa_UNIQUE` ON `biblioteca`.`tb_funcionario` (`cod-pessoa` ASC) ;


-- -----------------------------------------------------
-- Table `biblioteca`.`tb_livro`
-- -----------------------------------------------------
DROP TABLE IF EXISTS `biblioteca`.`tb_livro` ;

CREATE TABLE IF NOT EXISTS `biblioteca`.`tb_livro` (
  `isbn` VARCHAR(13) NOT NULL,
  `titulo` VARCHAR(45) NOT NULL,
  `ano-de-lancamento` INT NOT NULL,
  `editora` VARCHAR(45) NOT NULL,
  `qtd-copias` INT NOT NULL,
  `cod-categoria` INT NOT NULL,
  PRIMARY KEY (`isbn`),
  CONSTRAINT `fk_tb_livro_tb-categoria`
    FOREIGN KEY (`cod-categoria`)
    REFERENCES `biblioteca`.`tb_categoria` (`cod-categoria`)
    ON DELETE NO ACTION
    ON UPDATE NO ACTION)
ENGINE = InnoDB;

CREATE INDEX `fk_tb_livro_tb-categoria_idx` ON `biblioteca`.`tb_livro` (`cod-categoria` ASC) ;


-- -----------------------------------------------------
-- Table `biblioteca`.`tb_livro_autor`
-- -----------------------------------------------------
DROP TABLE IF EXISTS `biblioteca`.`tb_livro_autor` ;

CREATE TABLE IF NOT EXISTS `biblioteca`.`tb_livro_autor` (
  `isbn` VARCHAR(13) NOT NULL,
  `cod-autor` INT NOT NULL,
  PRIMARY KEY (`isbn`, `cod-autor`),
  CONSTRAINT `fk_tb_livro_has_tb_autor_tb_livro1`
    FOREIGN KEY (`isbn`)
    REFERENCES `biblioteca`.`tb_livro` (`isbn`)
    ON DELETE NO ACTION
    ON UPDATE NO ACTION,
  CONSTRAINT `fk_tb_livro_autor_tb_autor1`
    FOREIGN KEY (`cod-autor`)
    REFERENCES `biblioteca`.`tb_autor` (`cod-autor`)
    ON DELETE NO ACTION
    ON UPDATE NO ACTION)
ENGINE = InnoDB;

CREATE INDEX `fk_tb_livro_has_tb_autor_tb_livro1_idx` ON `biblioteca`.`tb_livro_autor` (`isbn` ASC) ;

CREATE INDEX `fk_tb_livro_autor_tb_autor1_idx` ON `biblioteca`.`tb_livro_autor` (`cod-autor` ASC) ;


-- -----------------------------------------------------
-- Table `biblioteca`.`tb_pessoa`
-- -----------------------------------------------------
DROP TABLE IF EXISTS `biblioteca`.`tb_pessoa` ;

CREATE TABLE IF NOT EXISTS `biblioteca`.`tb_pessoa` (
  `cod-pessoa` INT NOT NULL AUTO_INCREMENT,
  `nome` VARCHAR(45) NOT NULL,
  `endereco` VARCHAR(100) NULL,
  PRIMARY KEY (`cod-pessoa`))
ENGINE = InnoDB;


-- -----------------------------------------------------
-- Table `biblioteca`.`tb_professor`
-- -----------------------------------------------------
DROP TABLE IF EXISTS `biblioteca`.`tb_professor` ;

CREATE TABLE IF NOT EXISTS `biblioteca`.`tb_professor` (
  `mat-siape` INT NOT NULL,
  `telefone-celular` VARCHAR(11) NULL,
  `data-contratacao` DATE NULL,
  `regime-trabalho` ENUM('20', '40', 'DE') NULL,
  `cod-curso` INT NOT NULL,
  `cod-professor` INT NOT NULL,
  `cod-funcionario` INT NOT NULL,
  PRIMARY KEY (`cod-professor`),
  CONSTRAINT `fk_tb_professor_tb_curso1`
    FOREIGN KEY (`cod-curso`)
    REFERENCES `biblioteca`.`tb_curso` (`cod-curso`)
    ON DELETE NO ACTION
    ON UPDATE NO ACTION,
  CONSTRAINT `fk_tb_professor_tb_funcionario1`
    FOREIGN KEY (`cod-funcionario`)
    REFERENCES `biblioteca`.`tb_funcionario` (`cod-funcionario`)
    ON DELETE NO ACTION
    ON UPDATE NO ACTION)
ENGINE = InnoDB;

CREATE INDEX `fk_tb_professor_tb_curso1_idx` ON `biblioteca`.`tb_professor` (`cod-curso` ASC) ;

CREATE UNIQUE INDEX `mat-siape_UNIQUE` ON `biblioteca`.`tb_professor` (`mat-siape` ASC) ;

CREATE INDEX `fk_tb_professor_tb_funcionario1_idx` ON `biblioteca`.`tb_professor` (`cod-funcionario` ASC) ;

CREATE UNIQUE INDEX `cod-funcionario_UNIQUE` ON `biblioteca`.`tb_professor` (`cod-funcionario` ASC) ;


-- -----------------------------------------------------
-- Table `biblioteca`.`tb_reserva`
-- -----------------------------------------------------
DROP TABLE IF EXISTS `biblioteca`.`tb_reserva` ;

CREATE TABLE IF NOT EXISTS `biblioteca`.`tb_reserva` (
  `cod-reserva` INT NOT NULL AUTO_INCREMENT,
  `data-reserva` DATE NOT NULL,
  `isbn` VARCHAR(13) NOT NULL,
  `cod-pessoa` INT NOT NULL,
  PRIMARY KEY (`cod-reserva`),
  CONSTRAINT `fk_tb_reserva_tb_livro1`
    FOREIGN KEY (`isbn`)
    REFERENCES `biblioteca`.`tb_livro` (`isbn`)
    ON DELETE NO ACTION
    ON UPDATE NO ACTION,
  CONSTRAINT `fk_tb_reserva_tb_pessoa1`
    FOREIGN KEY (`cod-pessoa`)
    REFERENCES `biblioteca`.`tb_pessoa` (`cod-pessoa`)
    ON DELETE NO ACTION
    ON UPDATE NO ACTION)
ENGINE = InnoDB;

CREATE INDEX `fk_tb_reserva_tb_livro1_idx` ON `biblioteca`.`tb_reserva` (`isbn` ASC) ;

CREATE INDEX `fk_tb_reserva_tb_pessoa1_idx` ON `biblioteca`.`tb_reserva` (`cod-pessoa` ASC) ;


-- -----------------------------------------------------
-- Table `biblioteca`.`tb_telefone_aluno`
-- -----------------------------------------------------
DROP TABLE IF EXISTS `biblioteca`.`tb_telefone_aluno` ;

CREATE TABLE IF NOT EXISTS `biblioteca`.`tb_telefone_aluno` (
  `telefone` VARCHAR(11) NOT NULL,
  `matricula` INT NOT NULL,
  PRIMARY KEY (`telefone`, `matricula`),
  CONSTRAINT `fk_tb_telefone_tb_aluno1`
    FOREIGN KEY (`matricula`)
    REFERENCES `biblioteca`.`tb_aluno` (`matricula`)
    ON DELETE NO ACTION
    ON UPDATE NO ACTION)
ENGINE = InnoDB;

CREATE INDEX `fk_tb_telefone_tb_aluno1_idx` ON `biblioteca`.`tb_telefone_aluno` (`matricula` ASC) ;


-- -----------------------------------------------------
-- Table `biblioteca`.`tb_telefone_funcionario`
-- -----------------------------------------------------
DROP TABLE IF EXISTS `biblioteca`.`tb_telefone_funcionario` ;

CREATE TABLE IF NOT EXISTS `biblioteca`.`tb_telefone_funcionario` (
  `telefone` VARCHAR(11) NOT NULL,
  `cod-funcionario` INT NOT NULL,
  PRIMARY KEY (`cod-funcionario`, `telefone`),
  CONSTRAINT `fk_tb_telefone_func_tb_funcionario1`
    FOREIGN KEY (`cod-funcionario`)
    REFERENCES `biblioteca`.`tb_funcionario` (`cod-pessoa`)
    ON DELETE NO ACTION
    ON UPDATE NO ACTION)
ENGINE = InnoDB;

CREATE INDEX `fk_tb_telefone_func_tb_funcionario1_idx` ON `biblioteca`.`tb_telefone_funcionario` (`cod-funcionario` ASC) ;


-- -----------------------------------------------------
-- Table `biblioteca`.`tb_usuario`
-- -----------------------------------------------------
DROP TABLE IF EXISTS `biblioteca`.`tb_usuario` ;

CREATE TABLE IF NOT EXISTS `biblioteca`.`tb_usuario` (
  `cod-usuario` INT NOT NULL AUTO_INCREMENT,
  `nome-usuario` VARCHAR(45) NOT NULL,
  `senha` VARCHAR(45) NOT NULL,
  `cod-pessoa` INT NOT NULL,
  `tipo-acesso` ENUM('alun', 'prof', 'func', 'bibli') NOT NULL,
  PRIMARY KEY (`cod-usuario`),
  CONSTRAINT `fk_tb_usuario_tb_pessoa1`
    FOREIGN KEY (`cod-pessoa`)
    REFERENCES `biblioteca`.`tb_pessoa` (`cod-pessoa`)
    ON DELETE NO ACTION
    ON UPDATE NO ACTION)
ENGINE = InnoDB;

CREATE INDEX `fk_tb_usuario_tb_pessoa1_idx` ON `biblioteca`.`tb_usuario` (`cod-pessoa` ASC) ;

CREATE UNIQUE INDEX `cod-pessoa_UNIQUE` ON `biblioteca`.`tb_usuario` (`cod-pessoa` ASC) ;


-- -----------------------------------------------------
-- Data for table `biblioteca`.`tb_aluno`
-- -----------------------------------------------------
START TRANSACTION;
USE `biblioteca`;
INSERT INTO `biblioteca`.`tb_aluno` (`cod-aluno`, `matricula`, `data-de-ingresso`, `data-de-conclusao-prevista`, `cod-curso`, `cod-pessoa`) VALUES (1, 111111, '2018-02-01', '2023-06-30', 1, 1);
INSERT INTO `biblioteca`.`tb_aluno` (`cod-aluno`, `matricula`, `data-de-ingresso`, `data-de-conclusao-prevista`, `cod-curso`, `cod-pessoa`) VALUES (2, 222222, '2018-02-01', '2023-06-30', 2, 2);
INSERT INTO `biblioteca`.`tb_aluno` (`cod-aluno`, `matricula`, `data-de-ingresso`, `data-de-conclusao-prevista`, `cod-curso`, `cod-pessoa`) VALUES (3, 333333, '2018-02-01', '2023-06-30', 1, 3);

COMMIT;


-- -----------------------------------------------------
-- Data for table `biblioteca`.`tb_autor`
-- -----------------------------------------------------
START TRANSACTION;
USE `biblioteca`;
INSERT INTO `biblioteca`.`tb_autor` (`cod-autor`, `cpf`, `nacionalidade`, `nome`) VALUES (1, '69030175091', 'Brasileiro', 'João José da Silva');
INSERT INTO `biblioteca`.`tb_autor` (`cod-autor`, `cpf`, `nacionalidade`, `nome`) VALUES (2, '20510673498', 'Brasileiro', 'Maria Socorro Sá');
INSERT INTO `biblioteca`.`tb_autor` (`cod-autor`, `cpf`, `nacionalidade`, `nome`) VALUES (3, '52207791576', 'Argentino', 'Juan Ramon Chavez');

COMMIT;


-- -----------------------------------------------------
-- Data for table `biblioteca`.`tb_categoria`
-- -----------------------------------------------------
START TRANSACTION;
USE `biblioteca`;
INSERT INTO `biblioteca`.`tb_categoria` (`cod-categoria`, `descricao-categoria`) VALUES (1, 'Categoria1');
INSERT INTO `biblioteca`.`tb_categoria` (`cod-categoria`, `descricao-categoria`) VALUES (2, 'Categoria2');
INSERT INTO `biblioteca`.`tb_categoria` (`cod-categoria`, `descricao-categoria`) VALUES (3, 'Categoria3');

COMMIT;


-- -----------------------------------------------------
-- Data for table `biblioteca`.`tb_curso`
-- -----------------------------------------------------
START TRANSACTION;
USE `biblioteca`;
INSERT INTO `biblioteca`.`tb_curso` (`cod-curso`, `nome-curso`) VALUES (1, 'Engenharia de Computação');
INSERT INTO `biblioteca`.`tb_curso` (`cod-curso`, `nome-curso`) VALUES (2, 'Engenharia Elétrica');

COMMIT;


-- -----------------------------------------------------
-- Data for table `biblioteca`.`tb_emprestimo`
-- -----------------------------------------------------
START TRANSACTION;
USE `biblioteca`;
INSERT INTO `biblioteca`.`tb_emprestimo` (`cod-emprestimo`, `data-devolucao`, `data-emprestimo`, `isbn`, `cod-pessoa`) VALUES (1, '2018-01-08', '2018-01-01', '978535210958', 1);
INSERT INTO `biblioteca`.`tb_emprestimo` (`cod-emprestimo`, `data-devolucao`, `data-emprestimo`, `isbn`, `cod-pessoa`) VALUES (2, '2018-02-09', '2018-02-02', '978235810321', 2);
INSERT INTO `biblioteca`.`tb_emprestimo` (`cod-emprestimo`, `data-devolucao`, `data-emprestimo`, `isbn`, `cod-pessoa`) VALUES (3, '2018-03-10', '2018-03-03', '978675905472', 3);

COMMIT;


-- -----------------------------------------------------
-- Data for table `biblioteca`.`tb_funcionario`
-- -----------------------------------------------------
START TRANSACTION;
USE `biblioteca`;
INSERT INTO `biblioteca`.`tb_funcionario` (`matricula`, `cod-pessoa`, `cod-funcionario`) VALUES (444444, 4, 4);
INSERT INTO `biblioteca`.`tb_funcionario` (`matricula`, `cod-pessoa`, `cod-funcionario`) VALUES (555555, 5, 5);
INSERT INTO `biblioteca`.`tb_funcionario` (`matricula`, `cod-pessoa`, `cod-funcionario`) VALUES (666666, 6, 6);
INSERT INTO `biblioteca`.`tb_funcionario` (`matricula`, `cod-pessoa`, `cod-funcionario`) VALUES (777777, 7, 7);
INSERT INTO `biblioteca`.`tb_funcionario` (`matricula`, `cod-pessoa`, `cod-funcionario`) VALUES (888888, 8, 8);
INSERT INTO `biblioteca`.`tb_funcionario` (`matricula`, `cod-pessoa`, `cod-funcionario`) VALUES (999999, 9, 9);

COMMIT;


-- -----------------------------------------------------
-- Data for table `biblioteca`.`tb_livro`
-- -----------------------------------------------------
START TRANSACTION;
USE `biblioteca`;
INSERT INTO `biblioteca`.`tb_livro` (`isbn`, `titulo`, `ano-de-lancamento`, `editora`, `qtd-copias`, `cod-categoria`) VALUES ('978535210958', 'Livro1', 1910, 'Editora1', 10, 1);
INSERT INTO `biblioteca`.`tb_livro` (`isbn`, `titulo`, `ano-de-lancamento`, `editora`, `qtd-copias`, `cod-categoria`) VALUES ('978235810321', 'Livro2', 1920, 'Editora2', 20, 2);
INSERT INTO `biblioteca`.`tb_livro` (`isbn`, `titulo`, `ano-de-lancamento`, `editora`, `qtd-copias`, `cod-categoria`) VALUES ('978675905472', 'Livro3', 1930, 'Editora3', 30, 3);

COMMIT;


-- -----------------------------------------------------
-- Data for table `biblioteca`.`tb_livro_autor`
-- -----------------------------------------------------
START TRANSACTION;
USE `biblioteca`;
INSERT INTO `biblioteca`.`tb_livro_autor` (`isbn`, `cod-autor`) VALUES ('978535210958', 1);
INSERT INTO `biblioteca`.`tb_livro_autor` (`isbn`, `cod-autor`) VALUES ('978235810321', 2);

COMMIT;


-- -----------------------------------------------------
-- Data for table `biblioteca`.`tb_pessoa`
-- -----------------------------------------------------
START TRANSACTION;
USE `biblioteca`;
INSERT INTO `biblioteca`.`tb_pessoa` (`cod-pessoa`, `nome`, `endereco`) VALUES (1, 'Pedro Carlos', 'Rua 1 número 1');
INSERT INTO `biblioteca`.`tb_pessoa` (`cod-pessoa`, `nome`, `endereco`) VALUES (2, 'Maria Joaquina', 'Rua 2 número 2');
INSERT INTO `biblioteca`.`tb_pessoa` (`cod-pessoa`, `nome`, `endereco`) VALUES (3, 'João Augusto', 'Rua 3 número 3');
INSERT INTO `biblioteca`.`tb_pessoa` (`cod-pessoa`, `nome`, `endereco`) VALUES (4, 'Alan Nala', 'Rua 4 número 4');
INSERT INTO `biblioteca`.`tb_pessoa` (`cod-pessoa`, `nome`, `endereco`) VALUES (5, 'Felipe Martins', 'Rua 5 número 5');
INSERT INTO `biblioteca`.`tb_pessoa` (`cod-pessoa`, `nome`, `endereco`) VALUES (6, 'Aparecida Gomes', 'Rua 6 número 6');
INSERT INTO `biblioteca`.`tb_pessoa` (`cod-pessoa`, `nome`, `endereco`) VALUES (7, 'Rodrigo Borges', 'Rua 7  número 7');
INSERT INTO `biblioteca`.`tb_pessoa` (`cod-pessoa`, `nome`, `endereco`) VALUES (8, 'Sônia Lopes', 'Rua 8 número 8');
INSERT INTO `biblioteca`.`tb_pessoa` (`cod-pessoa`, `nome`, `endereco`) VALUES (9, 'Amanda Maciel', 'Rua 9 número 9');

COMMIT;


-- -----------------------------------------------------
-- Data for table `biblioteca`.`tb_professor`
-- -----------------------------------------------------
START TRANSACTION;
USE `biblioteca`;
INSERT INTO `biblioteca`.`tb_professor` (`mat-siape`, `telefone-celular`, `data-contratacao`, `regime-trabalho`, `cod-curso`, `cod-professor`, `cod-funcionario`) VALUES (111111, '08877425141', '2012-06-12', '20', 1, 1, 4);
INSERT INTO `biblioteca`.`tb_professor` (`mat-siape`, `telefone-celular`, `data-contratacao`, `regime-trabalho`, `cod-curso`, `cod-professor`, `cod-funcionario`) VALUES (222222, '08828367114', '2013-04-10', '40', 2, 2, 5);
INSERT INTO `biblioteca`.`tb_professor` (`mat-siape`, `telefone-celular`, `data-contratacao`, `regime-trabalho`, `cod-curso`, `cod-professor`, `cod-funcionario`) VALUES (333333, '08818231275', '2014-01-20', 'DE', 1, 3, 6);

COMMIT;


-- -----------------------------------------------------
-- Data for table `biblioteca`.`tb_reserva`
-- -----------------------------------------------------
START TRANSACTION;
USE `biblioteca`;
INSERT INTO `biblioteca`.`tb_reserva` (`cod-reserva`, `data-reserva`, `isbn`, `cod-pessoa`) VALUES (1, '2018-02-02', '978535210958', 1);
INSERT INTO `biblioteca`.`tb_reserva` (`cod-reserva`, `data-reserva`, `isbn`, `cod-pessoa`) VALUES (2, '2018-03-03', '978235810321', 2);
INSERT INTO `biblioteca`.`tb_reserva` (`cod-reserva`, `data-reserva`, `isbn`, `cod-pessoa`) VALUES (3, '2018-04-04', '978675905472', 3);

COMMIT;


-- -----------------------------------------------------
-- Data for table `biblioteca`.`tb_telefone_aluno`
-- -----------------------------------------------------
START TRANSACTION;
USE `biblioteca`;
INSERT INTO `biblioteca`.`tb_telefone_aluno` (`telefone`, `matricula`) VALUES ('08811111111', 111111);
INSERT INTO `biblioteca`.`tb_telefone_aluno` (`telefone`, `matricula`) VALUES ('08522222222', 222222);
INSERT INTO `biblioteca`.`tb_telefone_aluno` (`telefone`, `matricula`) VALUES ('08833333333', 333333);

COMMIT;


-- -----------------------------------------------------
-- Data for table `biblioteca`.`tb_telefone_funcionario`
-- -----------------------------------------------------
START TRANSACTION;
USE `biblioteca`;
INSERT INTO `biblioteca`.`tb_telefone_funcionario` (`telefone`, `cod-funcionario`) VALUES ('08891283133', 4);
INSERT INTO `biblioteca`.`tb_telefone_funcionario` (`telefone`, `cod-funcionario`) VALUES ('08565987234', 5);
INSERT INTO `biblioteca`.`tb_telefone_funcionario` (`telefone`, `cod-funcionario`) VALUES ('08823754218', 6);

COMMIT;


-- -----------------------------------------------------
-- Data for table `biblioteca`.`tb_usuario`
-- -----------------------------------------------------
START TRANSACTION;
USE `biblioteca`;
INSERT INTO `biblioteca`.`tb_usuario` (`cod-usuario`, `nome-usuario`, `senha`, `cod-pessoa`, `tipo-acesso`) VALUES (1, 'pedrocarlos', '1111', 1, 'alun');
INSERT INTO `biblioteca`.`tb_usuario` (`cod-usuario`, `nome-usuario`, `senha`, `cod-pessoa`, `tipo-acesso`) VALUES (2, 'mariajoaquina', '2222', 2, 'alun');
INSERT INTO `biblioteca`.`tb_usuario` (`cod-usuario`, `nome-usuario`, `senha`, `cod-pessoa`, `tipo-acesso`) VALUES (3, 'joaoaugusto', '3333', 3, 'alun');
INSERT INTO `biblioteca`.`tb_usuario` (`cod-usuario`, `nome-usuario`, `senha`, `cod-pessoa`, `tipo-acesso`) VALUES (4, 'alannala', '4444', 4, 'prof');
INSERT INTO `biblioteca`.`tb_usuario` (`cod-usuario`, `nome-usuario`, `senha`, `cod-pessoa`, `tipo-acesso`) VALUES (5, 'felipemartins', '5555', 5, 'prof');
INSERT INTO `biblioteca`.`tb_usuario` (`cod-usuario`, `nome-usuario`, `senha`, `cod-pessoa`, `tipo-acesso`) VALUES (6, 'aparecidagomes', '6666', 6, 'prof');
INSERT INTO `biblioteca`.`tb_usuario` (`cod-usuario`, `nome-usuario`, `senha`, `cod-pessoa`, `tipo-acesso`) VALUES (7, 'rodrigoborges', '7777', 7, 'func');
INSERT INTO `biblioteca`.`tb_usuario` (`cod-usuario`, `nome-usuario`, `senha`, `cod-pessoa`, `tipo-acesso`) VALUES (8, 'sonialopes', '8888', 8, 'func');
INSERT INTO `biblioteca`.`tb_usuario` (`cod-usuario`, `nome-usuario`, `senha`, `cod-pessoa`, `tipo-acesso`) VALUES (9, 'amandamaciel', '9999', 9, 'func');

COMMIT;


SET SQL_MODE=@OLD_SQL_MODE;
SET FOREIGN_KEY_CHECKS=@OLD_FOREIGN_KEY_CHECKS;
SET UNIQUE_CHECKS=@OLD_UNIQUE_CHECKS;
